INSERT INTO ADDITIF (ADD_ID, ADD_LIBELLE) VALUES
(1, 'E322 - Lécithines'),
(2, 'E451 - Triphosphates'),
(3, 'E407 - Carraghénanes'),
(4, 'E316 - Erythorbate de sodium'),
(5, 'E250 - Nitrite de sodium'),
(6, 'E579 - Gluconate ferreux'),
(7, 'E220 - Anhydride sulfureux'),
(8, 'E301 - Ascorbate de sodium');

INSERT INTO ALLERGENE (ALL_CODE, ALL_LIBELLE) VALUES
(1, 'Lait'),
(2, 'Fruits à coque'),
(3, 'Soja'),
(4, 'Gluten'),
(5, 'Œufs'),
(6, 'Céleri'),
(7, 'Moutarde'),
(8, 'Graines de sésame'),
(9, 'Anhydride sulfureux et sulfites'),
(10, 'Arachides');

INSERT INTO CATEGORIE (CAT_CODE, CAT_LIBELLE) VALUES
(1, 'Desserts'),
(2, 'Puddings'),
(3, 'Riz au lait'),
(4, 'Teurgoules'),
(5, 'Produits à tartiner'),
(6, 'Petit-déjeuners'),
(7, 'Produits à tartiner sucrés'),
(8, 'Pâtes à tartiner'),
(9, 'Pâtes à tartiner aux noisettes'),
(10, 'Pâtes à tartiner au chocolat'),
(11, 'Pâtes à tartiner aux noisettes et au cacao'),
(14, 'Snacks'),
(16, 'Snacks salés'),
(17, 'Apéritif'),
(18, 'Chips et frites'),
(19, 'Chips'),
(20, 'Chips de pommes de terre'),
(21, 'Chips de pommes de terre à l''huile de tournesol'),
(22, 'Plats préparés'),
(23, 'Produits à la viande'),
(24, 'Plats préparés à la viande'),
(25, 'Pizzas tartes salées et quiches'),
(26, 'Réfrigérés'),
(27, 'Pizzas'),
(28, 'Plats au porc'),
(29, 'Plats préparés réfrigérés'),
(30, 'Pizzas au jambon'),
(32, 'Volailles'),
(33, 'Volailles de Loué'),
(34, 'Poulets entiers'),
(35, 'Poulets fermiers'),
(36, 'Produits laitiers'),
(37, 'Produits fermentés'),
(38, 'Produits laitiers fermentés'),
(39, 'Fromages'),
(40, 'Fromages de vache'),
(41, 'Fromages de France'),
(42, 'Fromages à pâte molle à croûte fleurie'),
(43, 'Camemberts'),
(44, 'Fromages au lait cru'),
(45, 'Camemberts au lait cru'),
(46, 'Camemberts de Normandie'),
(49, 'Céréales et pommes de terre'),
(50, 'Graines'),
(51, 'Céréales et dérivés'),
(52, 'Céréales en grains'),
(53, 'Riz'),
(54, 'Riz parfumés'),
(55, 'Riz de variété indica'),
(56, 'Riz long grain'),
(57, 'Riz thaï'),
(58, 'Aliments et boissons à base de végétaux'),
(59, 'Aliments d''origine végétale'),
(62, 'Pâtes alimentaires'),
(63, 'Pâtes sèches'),
(64, 'Nouilles'),
(65, 'Pâtes aux œufs'),
(66, 'Tagliatelles'),
(67, 'Pâtes sèches aux œufs'),
(68, 'Nouilles aux oeufs'),
(69, 'Tagliatelles aux œufs'),
(70, 'Boissons'),
(71, 'Eaux'),
(72, 'Eaux de sources'),
(73, 'Eaux minérales'),
(74, 'Boissons sans alcool'),
(75, 'Boissons sans sucre ajouté'),
(76, 'Matières grasses'),
(77, 'Sandwichs'),
(78, 'Hamburgers'),
(79, 'Viandes'),
(80, 'Charcuteries'),
(81, 'Jambons'),
(82, 'Jambons blancs');

INSERT INTO CODEEMBALLEUR (COD_ID, COD_LIBELLE) VALUES
(1, 'FR 72.168.001 CE'),
(2, 'FR 14.064.001 CE'),
(3, 'EMB 44068A'),
(4, 'EMB 59457'),
(5, 'FR 59.597.001 CE');

INSERT INTO CONDITIONNEMENT (CON_CODE, CON_LIBELLE) VALUES
(1, 'Pot verre'),
(2, 'couvercle plastique'),
(3, 'Pot'),
(4, 'Sachet'),
(9, 'Sous-vide'),
(13, 'Bois'),
(15, 'Frais'),
(16, 'Boîte'),
(18, 'Sachet plastique'),
(19, 'Bouteille'),
(21, 'Carton'),
(22, '21 PAP'),
(25, 'Barquette'),
(26, 'Plastique');

INSERT INTO LABEL (LAB_CODE, LAB_LIBELLE) VALUES
(1, 'Sans gluten'),
(4, 'Sans colorants'),
(5, 'Sans conservateurs'),
(6, 'Sans huile de palme'),
(7, 'Tidyman wastebasket'),
(8, 'IGP'),
(9, 'Nourri sans OGM'),
(10, 'Point Vert'),
(11, 'Label Rouge'),
(12, 'Fabriqué en France'),
(13, 'Origine France'),
(14, '84 jours d''élevage minimum'),
(15, 'Elevé en liberté'),
(16, 'Concours général agricole'),
(17, 'AOP'),
(18, 'Médaille d''or du Concours général agricole'),
(19, 'Médaille d''or du concours général agricole 2015'),
(20, 'Moulé à la main'),
(22, 'Importé d''Italie'),
(23, 'Sans-nirate'),
(24, 'Bio'),
(25, 'Bio européen'),
(26, 'Agriculture UE/Non UE'),
(27, 'FR-BIO-10'),
(28, 'Qualité supérieure'),
(29, 'Alimentation controlée'),
(30, 'Elevages sélectionnés'),
(31, 'Qualité garantie'),
(32, 'Traçabilité garantie');

INSERT INTO LIEU (LIEU_ID, LIEU_LIBELLE) VALUES
(1, 'CEE'),
(2, 'France'),
(3, 'Sarthe'),
(4, 'Normandie'),
(5, 'Italie'),
(6, 'Ireland');

INSERT INTO MAGASIN (MAG_CODE, MAG_LIBELLE) VALUES
(1, 'Magasins U'),
(2, 'Carrefour'),
(3, 'Leclerc'),
(4, 'Franprix'),
(5, 'Auchan'),
(6, 'McDonald''s'),
(7, 'Super U'),
(8, 'Intermarché');

INSERT INTO MARQUE (MAR_CODE, MAR_LIBELLE) VALUES
(1, 'Fabriquée à La Ferme Du Gaec Muris'),
(2, 'Terroir de la Sée'),
(3, 'Ferrero'),
(4, 'Nutella'),
(5, 'Vico'),
(6, 'Intersnack France'),
(7, 'Sodebo'),
(8, 'Loué'),
(9, 'Jort'),
(10, 'Oiseaux Celestes'),
(11, 'Barilla'),
(12, 'La Collezione d''Italia'),
(13, 'Cristaline'),
(14, 'Cauvin'),
(15, 'McDonald''s'),
(16, 'Fleury Michon');

INSERT INTO NOVA (NOVA_ID, NOVA_LIBELLE) VALUES
(1, 'Aliments non transformés'),
(2, 'Ingrédients culinaires transformés'),
(3, 'Aliments transformés'),
(4, 'Produits alimentaires / boissons ultra-transformés');

INSERT INTO NUTRISCORE (NUT_CODE, NUT_LIBELLE) VALUES
('A', 'A'),
('B', 'B'),
('C', 'C'),
('D', 'D'),
('E', 'E');

INSERT INTO PAYS (PAY_CODE, PAY_LIBELLE) VALUES
(1, 'France'),
(2, 'Suisse'),
(3, 'Belgique'),
(4, 'Italie'),
(5, 'Luxembourg'),
(6, 'Mali'),
(7, 'Martinique'),
(8, 'Irlande'),
(9, 'Espagne');

INSERT INTO CATEG_NUTRISCORE (CN_ID, CN_LIBELLE) VALUES
(1, 'Autre'),
(2, 'Matières grasses'),
(3, 'Boissons'),
(4, 'Fromage'),
(5, 'Eaux minérales et eaux de source');

INSERT INTO PRODUIT (PRO_ID, PRO_LIBELLE, COD_ID, NOVA_ID, NUT_CODE, PRO_INGREDIENT, PRO_LIEN, PRO_QUANTITE, PRO_ENERGIE, PRO_MATIEREGRASSE, PRO_ACIDEGRAS, PRO_GLUCIDE, PRO_SUCRE, PRO_FIBRE, PRO_PROTEINE, PRO_SEL, PRO_SODIUM, PRO_FRUIT, PROD_ID_CATEG_NUTRISCORE) VALUES
(1, 'Teurgoule de la Sée', NULL, 1, 'B', NULL, 'https://fr.openfoodfacts.org/produit/3488790000214/teurgoule-de-la-see-fabriquee-a-la-ferme-du-gaec-muris', 440, 122, '3.500', '2.30', '18.30', '0.00', '0.00', '3.90', '0.04', '0.02', '0.0', '1'),
(2, 'Nutella', NULL, 4, 'E', 'Sucre, huile de palme, noisettes 13%, cacao maigre 7,4%, lait écrémé en poudre 6,6%, lactoserum en poudre, émulsifiants : lécithines [soja], vanilline.', 'https://fr.openfoodfacts.org/produit/3017620421006/nutella-ferrero', 750, 544, '31.600', '11.00', '57.60', '56.80', '0.00', '6.30', '0.11', '0.04', '13', '1'),
(3, 'La classique nature', NULL, 3, 'D', 'Pommes de terre, huile de tournesol, sel', 'https://fr.openfoodfacts.org/produit/3336971209164/la-classique-nature-135-g-vico', 135, 525, '34.000', '2.80', '46.70', '0.60', '0.00', '5.90', '1.30', '0.51', '0.0', '1'),
(4, 'Dolce Pizza Regina', NULL, 4, 'C', 'Garniture 60 % : mozzarella en copeaux 28 %, sauce tomate 27 % (purée de tomate, eau, farine de blé, sel), chiffonnade de jambon cuit 22 % (jambon de porc, eau, sel, dextrose, sirop de glucose, stabilisant : E451, arômes naturels (dont gluten), gélifiant ', 'https://fr.openfoodfacts.org/produit/3242272340850/dolce-pizza-regina-sodebo', 380, 181, '4.600', '2.90', '22.20', '2.10', '0.00', '10.90', '1.46', '0.58', '20', '1'),
(5, 'Poulet Fermier Label Rouge de Loué', 1, 1, 'B', 'Poulet fermier 100%', 'https://fr.openfoodfacts.org/produit/0217013081678/poulet-fermier-label-rouge-de-loue', 1448, NULL, NULL, NULL, NULL, NULL, NULL, NULL, NULL, NULL, '0.0', '1'),
(6, 'Camembert de Normandie', 2, 3, 'D', 'lait cru', 'https://fr.openfoodfacts.org/produit/3023260028437/camembert-de-normandie-22-mg-jort', 250, 277, '21.000', '15.50', '0.00', '0.00', NULL, '20.00', '1.55', '0.61', '0.0', '4'),
(7, 'Riz Jasmin Extra Parfumé', NULL, 1, 'A', 'Riz Thaï', 'https://fr.openfoodfacts.org/produit/3364699010434/riz-jasmin-extra-parfume-oiseaux-celestes', 1000, 338, '0.900', '0.40', '76.00', '0.00', '2.90', '6.60', '0.00', '0.00', '0', '1'),
(8, 'Tagliatelles', NULL, 3, 'A', '\r\nSemoule de blé dur, œufs (19,36 %).', 'https://fr.openfoodfacts.org/produit/8076808201293/tagliatelles-barilla', 500, 373, '4.000', '1.00', '66.00', '3.00', '4.00', '14.00', '0.00', '0.00', '0.0', '1'),
(9, 'Eau de source Cristaline', 3, 1, 'A', 'Eau de source.', 'https://fr.openfoodfacts.org/produit/3274080005003/eau-de-source-24-cristaline', 150, NULL, '0.000', '0.00', '0.00', '0.00', '0.00', '0.00', '0.03', '0.01', '0.0', '5'),
(10, 'Huile d''olive bio Fruitée vert Cauvin', NULL, 2, 'D', 'D''huiles Biologiques à déguster sans rn5dération. HUILE D''OLIVE VIERGE EXTRA BIO', 'https://fr.openfoodfacts.org/produit/3336590083787/huile-d-olive-bio-fruitee-vert-cauvin', 75, 900, '100.000', '17.00', '0.00', '0.00', '0.00', '0.00', '0.00', '0.00', '0.0', '2'),
(11, 'Big Mac', NULL, 3, 'C', 'Pain spécial, steaks hachés, salade, oignon, cornichon, fromage fondu, sauce, (selon le site) En quantités inconnues : Anhydride sulfureux et sulfites, Gluten (blé), Graine de sésame, Lait, Oeufs, Moutarde.', 'https://fr.openfoodfacts.org/produit/2000000002603/big-mac-mcdonald-s', 220, 230, '12.000', '4.50', '19.00', '3.90', '1.40', '12.00', '1.00', '0.39', '0.0', '1'),
(12, 'Le supérieur cuit à l''étouffée', NULL, 4, 'C', 'Le supérieur cuit à l''étouffée', 'https://fr.openfoodfacts.org/produit/3095756214013/le-superieur-cuit-a-l-etouffee-6tr-fleury-michon', 240, 117, '2.800', '1.00', '0.70', '0.70', '0.50', '22.00', '1.80', '0.71', '0.0', '1');

INSERT INTO CONTENIR (PRO_ID, ADD_ID) VALUES
(2, 1),
(4, 2),
(4, 3),
(4, 4),
(4, 5),
(4, 6),
(11, 7),
(12, 5),
(12, 8);

INSERT INTO ETRE (PRO_ID, MAR_CODE) VALUES
(1, 1),
(1, 2),
(2, 3),
(2, 4),
(3, 5),
(3, 6),
(4, 7),
(5, 8),
(6, 9),
(7, 10),
(8, 11),
(8, 12),
(9, 13),
(10, 14),
(11, 15),
(12, 16);

INSERT INTO FABRIQUER (PRO_ID, LIEU_ID) VALUES
(2, 1),
(5, 2),
(5, 3),
(6, 2),
(6, 4),
(8, 5),
(9, 2),
(11, 2),
(11, 6);

INSERT INTO PROVENIR (PRO_ID, PAY_CODE) VALUES
(3, 1),
(5, 1),
(6, 1),
(7, 6),
(9, 1);

INSERT INTO STOCKER (CON_CODE, PRO_ID) VALUES
(1, 2),
(2, 2),
(3, 2),
(4, 3),
(9, 4),
(13, 6),
(15, 4),
(15, 5),
(15, 6),
(16, 4),
(16, 6),
(16, 8),
(16, 11),
(18, 7),
(19, 9),
(21, 4),
(21, 8),
(21, 11),
(22, 11),
(25, 12),
(26, 3),
(26, 4),
(26, 5),
(26, 9),
(26, 12);

INSERT INTO APPARTENIR (CAT_CODE, PRO_ID) VALUES
(1, 1),
(2, 1),
(3, 1),
(4, 1),
(5, 2),
(6, 2),
(7, 2),
(8, 2),
(9, 2),
(10, 2),
(11, 2),
(14, 3),
(16, 3),
(17, 3),
(18, 3),
(19, 3),
(20, 3),
(21, 3),
(22, 4),
(23, 4),
(24, 4),
(25, 4),
(26, 4),
(27, 4),
(28, 4),
(29, 4),
(30, 4),
(32, 5),
(33, 5),
(34, 5),
(35, 5),
(36, 6),
(37, 6),
(38, 6),
(39, 6),
(40, 6),
(41, 6),
(42, 6),
(43, 6),
(44, 6),
(45, 6),
(46, 6),
(49, 3),
(49, 7),
(49, 8),
(50, 7),
(51, 7),
(51, 8),
(52, 7),
(53, 7),
(54, 7),
(55, 7),
(56, 7),
(57, 7),
(58, 3),
(58, 7),
(58, 8),
(59, 3),
(59, 7),
(59, 8),
(62, 8),
(63, 8),
(64, 8),
(65, 8),
(66, 8),
(67, 8),
(68, 8),
(69, 8),
(70, 9),
(71, 9),
(72, 9),
(73, 9),
(74, 9),
(75, 9),
(76, 10),
(77, 11),
(78, 11),
(79, 5),
(79, 12),
(80, 12),
(81, 12),
(82, 12);

INSERT INTO CONSTITUER (ALL_CODE, PRO_ID) VALUES
(1, 1),
(1, 2),
(1, 3),
(1, 4),
(1, 6),
(1, 11),
(2, 2),
(3, 2),
(4, 4),
(4, 8),
(4, 11),
(5, 8),
(5, 11),
(6, 12),
(7, 3),
(7, 11),
(8, 11),
(9, 11),
(10, 3);

INSERT INTO COMMERCIALISER (MAG_CODE, PRO_ID) VALUES
(1, 1),
(1, 2),
(1, 3),
(1, 6),
(1, 8),
(1, 10),
(1, 12),
(2, 2),
(2, 8),
(2, 9),
(3, 4),
(3, 12),
(4, 5),
(4, 8),
(5, 9),
(6, 11),
(7, 12),
(8, 12);

INSERT INTO CERTIFIER (PRO_ID, LAB_CODE) VALUES
(2, 1),
(2, 10),
(3, 4),
(3, 5),
(3, 6),
(3, 7),
(3, 10),
(4, 10),
(5, 8),
(5, 9),
(5, 10),
(5, 11),
(5, 12),
(5, 13),
(5, 14),
(5, 15),
(6, 16),
(6, 17),
(6, 18),
(6, 19),
(6, 20),
(8, 10),
(8, 22),
(9, 23),
(10, 24),
(10, 25),
(10, 26),
(10, 27),
(12, 28),
(12, 29),
(12, 30),
(12, 31),
(12, 32);

INSERT INTO VENDRE (PRO_ID, PAY_CODE) VALUES
(1, 1),
(2, 1),
(2, 2),
(3, 1),
(3, 2),
(4, 1),
(5, 1),
(6, 1),
(7, 1),
(8, 1),
(8, 2),
(8, 3),
(9, 1),
(9, 2),
(9, 3),
(9, 4),
(9, 5),
(9, 6),
(9, 7),
(10, 1),
(11, 1),
(11, 8),
(11, 9),
(12, 1);
